id,resource_type,locator,translatable_string
9a7dc66c-81ba-4828-8203-cfc966a87dae,EXAMPLE_TEXT,"workspace.intents[intent=""action_5864_intent_18314""].examples[0].text","""Generate Answer"""
881d7363-3500-4f9f-8f19-9145df767550,EXAMPLE_TEXT,"workspace.intents[intent=""action_39645_intent_28805""].examples[0].text","""Invoke watsonx generation API"""
0a990e56-c07e-482d-b93c-308856af4339,EXAMPLE_TEXT,"workspace.intents[intent=""action_15266_intent_5538""].examples[0].text","""Medicine info"""
2820589e-5607-43de-af32-86cec37837b6,EXAMPLE_TEXT,"workspace.intents[intent=""fallback_connect_to_agent""].examples[0].text","""I would like to speak to someone"""
b0384ffa-1a19-4ee1-80c7-828f3b07887f,EXAMPLE_TEXT,"workspace.intents[intent=""fallback_connect_to_agent""].examples[1].text","""Agent help"""
11575e01-72d8-4982-bd99-1c7104c461c9,EXAMPLE_TEXT,"workspace.intents[intent=""fallback_connect_to_agent""].examples[2].text","""Call agent"""
ff421439-a4b2-48f7-a65d-8b9d96071ab9,EXAMPLE_TEXT,"workspace.intents[intent=""fallback_connect_to_agent""].examples[3].text","""Can I connect to an agent?"""
356af25a-7372-402a-bf35-3d32c0630260,EXAMPLE_TEXT,"workspace.intents[intent=""fallback_connect_to_agent""].examples[4].text","""I would like to speak to a human"""
bf10e6ea-5cc7-4aa1-a398-901c610b8973,EXAMPLE_TEXT,"workspace.intents[intent=""action_45988_intent_22136""].examples[0].text","""Hey"""
9da63691-76d8-4f4c-a36c-60f542f6e44b,EXAMPLE_TEXT,"workspace.intents[intent=""action_45988_intent_22136""].examples[1].text","""Hey, I am a"""
e0053d47-2d74-43f0-9094-217734e1fbed,EXAMPLE_TEXT,"workspace.intents[intent=""action_45988_intent_22136""].examples[2].text","""Pharamcy"""
8828ff85-bbc3-4828-8205-99d61c2181f8,EXAMPLE_TEXT,"workspace.intents[intent=""action_45988_intent_22136""].examples[3].text","""Natural Alternatives for my med?"""
152da9c8-3fb2-4659-89c3-5a5d342178a2,EXAMPLE_TEXT,"workspace.intents[intent=""action_45988_intent_22136""].examples[4].text","""Help me with my med side effects"""
a499d3ba-be98-44bd-a006-ab8b7476d879,EXAMPLE_TEXT,"workspace.intents[intent=""action_45988_intent_22136""].examples[5].text","""I'm looking up information about"""
5a6efc80-73ff-41c9-b9e1-7ac95e16044f,EXAMPLE_TEXT,"workspace.intents[intent=""action_45988_intent_22136""].examples[6].text","""Can't read my pill label, help"""
d0d01246-74cd-4942-bd90-6f5e2c8928c2,ENTITY_VALUE,"workspace.entities[entity=""entity_39949""].values[type=""synonyms"", value=""Female""].value","""Female"""
5ebdad05-c3c1-452d-8544-2fb861663adb,ENTITY_VALUE,"workspace.entities[entity=""entity_39949""].values[type=""synonyms"", value=""Male""].value","""Male"""
33f0b2c3-5bd9-4b00-aa2b-215a13c6207b,ENTITY_VALUE,"workspace.entities[entity=""entity_45141""].values[type=""synonyms"", value=""Male""].value","""Male"""
7505e318-c0ff-4b8e-a0ad-7038adb5aee3,ENTITY_VALUE_SYNONYM,"workspace.entities[entity=""entity_45141""].values[type=""synonyms"", value=""Male""].synonyms[0]","""male"""
71c15380-eed1-4e3e-a24e-45d8bc9290ce,ENTITY_VALUE,"workspace.entities[entity=""entity_45141""].values[type=""synonyms"", value=""Female""].value","""Female"""
195bf5ac-dc1e-4a8a-a585-ef707e0d2def,ENTITY_VALUE_SYNONYM,"workspace.entities[entity=""entity_45141""].values[type=""synonyms"", value=""Female""].synonyms[0]","""female"""
29152aa6-fc11-40e8-8426-fb9f142305e9,ENTITY_VALUE,"workspace.entities[entity=""entity_37217""].values[type=""synonyms"", value=""Ask a Question""].value","""Ask a Question"""
dfa4b9f8-8366-4afe-baec-7853029496c5,ENTITY_VALUE,"workspace.entities[entity=""entity_37217""].values[type=""synonyms"", value=""Search Medicine""].value","""Search Medicine"""
9dce77af-34b2-4080-81fb-c54a62b5a412,ENTITY_VALUE,"workspace.entities[entity=""entity_37217""].values[type=""synonyms"", value=""Scan Medicine""].value","""Scan Medicine"""