id,resource_type,locator,translatable_string
b264a12a-9890-4031-a9d3-11d1223aef00,DIALOG_NODES_TITLE,"workspace.dialog_nodes[type=""standard"", dialog_node=""Anything else""].title","""Anything else"""
f6ac5bbf-ac40-434c-ba15-aa415179c3ab,DIALOG_NODES_OUTPUT_GENERIC_VALUES_TEXT,"workspace.dialog_nodes[type=""standard"", dialog_node=""Anything else""].output.generic[0].values[0].text","""I didn't understand. You can try rephrasing."""
92c7f586-d99e-4749-9512-15b617c64aab,DIALOG_NODES_OUTPUT_GENERIC_VALUES_TEXT,"workspace.dialog_nodes[type=""standard"", dialog_node=""Anything else""].output.generic[0].values[1].text","""Can you reword your statement? I'm not understanding."""
e6fa929e-382e-4113-869f-93603305b028,DIALOG_NODES_OUTPUT_GENERIC_VALUES_TEXT,"workspace.dialog_nodes[type=""standard"", dialog_node=""Anything else""].output.generic[0].values[2].text","""I didn't get your meaning."""
93dd842e-9c31-4edc-9ceb-cd5e6d8bcbb6,DIALOG_NODES_CONDITIONS,"workspace.dialog_nodes[type=""standard"", dialog_node=""Anything else""].conditions","""anything_else"""
210c2955-ebfc-4c65-bb35-259b9c736f32,DIALOG_NODES_OUTPUT_GENERIC_VALUES_TEXT,"workspace.dialog_nodes[type=""event_handler"", dialog_node=""handler_2_1731924022375""].output.generic[0].values[0].text","""Medication Name"""
b0defd48-82a6-46e9-9ed4-fa763668d6d1,DIALOG_NODES_CONTEXT,"workspace.dialog_nodes[type=""event_handler"", dialog_node=""handler_4_1731921392936""].context.ageGroup","""@ageGroup"""
30da3faa-f585-4a66-bfc4-60cee82a83e8,DIALOG_NODES_CONDITIONS,"workspace.dialog_nodes[type=""event_handler"", dialog_node=""handler_4_1731921392936""].conditions","""@ageGroup"""
b549bcaf-b9d6-40d5-904c-0ccb62c23b18,DIALOG_NODES_OUTPUT_GENERIC_TITLE,"workspace.dialog_nodes[type=""event_handler"", dialog_node=""handler_4_1731924781692""].output.generic[0].title","""What is your gender?"""
a09b7997-8f28-4aba-bf88-5c0dd709c83e,DIALOG_NODES_OUTPUT_GENERIC_OPTIONS_LABEL,"workspace.dialog_nodes[type=""event_handler"", dialog_node=""handler_4_1731924781692""].output.generic[0].options[0].label","""Male"""
d1932060-7bd0-425d-be95-40cd24d41171,DIALOG_NODES_OUTPUT_GENERIC_OPTIONS_VALUE_INPUT_TEXT,"workspace.dialog_nodes[type=""event_handler"", dialog_node=""handler_4_1731924781692""].output.generic[0].options[0].value[label=""Male""].input.text","""Male"""
8e511e3a-9024-409c-8077-19cda6914ff7,DIALOG_NODES_OUTPUT_GENERIC_OPTIONS_LABEL,"workspace.dialog_nodes[type=""event_handler"", dialog_node=""handler_4_1731924781692""].output.generic[0].options[1].label","""Female"""
0e3e8d2b-09bd-4f35-b68c-b98d0d353ad5,DIALOG_NODES_OUTPUT_GENERIC_OPTIONS_VALUE_INPUT_TEXT,"workspace.dialog_nodes[type=""event_handler"", dialog_node=""handler_4_1731924781692""].output.generic[0].options[1].value[label=""Female""].input.text","""Female"""
df42b924-d782-4b39-b423-aeaf18ad0587,DIALOG_NODES_OUTPUT_GENERIC_TITLE,"workspace.dialog_nodes[type=""event_handler"", dialog_node=""handler_5_1731921392936""].output.generic[0].title","""What is your age range?"""
e13171c7-5781-4697-89da-4eb0d2207a8e,DIALOG_NODES_OUTPUT_GENERIC_OPTIONS_LABEL,"workspace.dialog_nodes[type=""event_handler"", dialog_node=""handler_5_1731921392936""].output.generic[0].options[0].label","""Child (0–12)"""
0c96ae32-96a1-490d-acaf-5a4ef4dab3f3,DIALOG_NODES_OUTPUT_GENERIC_OPTIONS_VALUE_INPUT_TEXT,"workspace.dialog_nodes[type=""event_handler"", dialog_node=""handler_5_1731921392936""].output.generic[0].options[0].value[label=""Child (0–12)""].input.text","""Child (0–12)"""
045b2fbd-d1f1-4070-8df2-137761fa07b7,DIALOG_NODES_OUTPUT_GENERIC_OPTIONS_LABEL,"workspace.dialog_nodes[type=""event_handler"", dialog_node=""handler_5_1731921392936""].output.generic[0].options[1].label","""Teen (13–17)"""
cb3cf876-b3aa-4d87-94b2-16353549bfdb,DIALOG_NODES_OUTPUT_GENERIC_OPTIONS_VALUE_INPUT_TEXT,"workspace.dialog_nodes[type=""event_handler"", dialog_node=""handler_5_1731921392936""].output.generic[0].options[1].value[label=""Teen (13–17)""].input.text","""Teen (13–17)"""
351c70ce-8c92-4054-966f-84dedc5b82b8,DIALOG_NODES_OUTPUT_GENERIC_OPTIONS_LABEL,"workspace.dialog_nodes[type=""event_handler"", dialog_node=""handler_5_1731921392936""].output.generic[0].options[2].label","""Adult (18–50)"""
e36d6114-0bfd-4415-b9f3-35e03dec112b,DIALOG_NODES_OUTPUT_GENERIC_OPTIONS_VALUE_INPUT_TEXT,"workspace.dialog_nodes[type=""event_handler"", dialog_node=""handler_5_1731921392936""].output.generic[0].options[2].value[label=""Adult (18–50)""].input.text","""Adult (18–50)"""
7d764a1c-1ce4-4e0a-8d1a-26d05376ff44,DIALOG_NODES_OUTPUT_GENERIC_OPTIONS_LABEL,"workspace.dialog_nodes[type=""event_handler"", dialog_node=""handler_5_1731921392936""].output.generic[0].options[3].label","""Senior (50+)"""
f033514a-bd69-41d0-9628-61efff08423d,DIALOG_NODES_OUTPUT_GENERIC_OPTIONS_VALUE_INPUT_TEXT,"workspace.dialog_nodes[type=""event_handler"", dialog_node=""handler_5_1731921392936""].output.generic[0].options[3].value[label=""Senior (50+)""].input.text","""Senior (50+)"""
b5248149-7f3a-4400-badd-f862dbb6aa58,DIALOG_NODES_CONTEXT,"workspace.dialog_nodes[type=""event_handler"", dialog_node=""handler_5_1731924022375""].context.medicin","""@medicin"""
d815d3f9-3160-4632-9b6f-7348681183ff,DIALOG_NODES_CONDITIONS,"workspace.dialog_nodes[type=""event_handler"", dialog_node=""handler_5_1731924022375""].conditions","""@medicin"""
5288f7ac-6e0e-4e8b-818a-bcb1c6b41227,DIALOG_NODES_CONTEXT,"workspace.dialog_nodes[type=""event_handler"", dialog_node=""handler_9_1731924781692""].context.sex","""@Sex"""
3c9dc9be-7046-4fce-91df-02465c8521e8,DIALOG_NODES_CONDITIONS,"workspace.dialog_nodes[type=""event_handler"", dialog_node=""handler_9_1731924781692""].conditions","""@Sex"""
dfbdd9a5-2e8a-4cec-824c-a8cd7dfe3018,DIALOG_NODES_TITLE,"workspace.dialog_nodes[type=""frame"", dialog_node=""node_3_1731920791155""].title","""MedicineCheckUp"""
a1b986cb-4fb4-42cc-80f8-28960f6cb5b1,DIALOG_NODES_CONDITIONS,"workspace.dialog_nodes[type=""frame"", dialog_node=""node_3_1731920791155""].conditions","""#getMedicine || #alternative || #sideffect"""
4bebc0a6-a43f-42e6-868a-361a85be2b5e,DIALOG_NODES_OUTPUT_GENERIC_VALUES_TEXT,"workspace.dialog_nodes[type=""response_condition"", dialog_node=""response_5_1731928939568""].output.generic[0].values[0].text","""$sex"""
2a899c31-d157-4626-bfe5-44b74497b73e,DIALOG_NODES_CONDITIONS,"workspace.dialog_nodes[type=""response_condition"", dialog_node=""response_5_1731928939568""].conditions","""@Sex"""
20363282-4d88-4adb-bd2b-043b5bd337ad,DIALOG_NODES_OUTPUT_GENERIC_VALUES_TEXT,"workspace.dialog_nodes[type=""response_condition"", dialog_node=""response_6_1731928993918""].output.generic[0].values[0].text","""$medicin"""
4cc0f51c-8048-4d5c-951c-e94c90342213,DIALOG_NODES_CONDITIONS,"workspace.dialog_nodes[type=""response_condition"", dialog_node=""response_6_1731928993918""].conditions","""@medicin"""
f7cdb778-2fb7-4b52-b0d7-99a0cb5c3bd4,DIALOG_NODES_OUTPUT_GENERIC_VALUES_TEXT,"workspace.dialog_nodes[type=""response_condition"", dialog_node=""response_9_1731928938780""].output.generic[0].values[0].text","""$ageGroup"""
8ca9b45c-d98c-4fef-8350-5592da175e08,DIALOG_NODES_CONDITIONS,"workspace.dialog_nodes[type=""response_condition"", dialog_node=""response_9_1731928938780""].conditions","""@ageGroup"""
707aec62-f3cc-4e2c-9e15-60b1ab6a8167,DIALOG_NODES_TITLE,"workspace.dialog_nodes[type=""standard"", dialog_node=""Welcome""].title","""Welcome"""
d5aaf066-0828-4e5e-bcbe-99e6cf2c7b2b,DIALOG_NODES_OUTPUT_GENERIC_VALUES_TEXT,"workspace.dialog_nodes[type=""standard"", dialog_node=""Welcome""].output.generic[0].values[0].text","""👋 Hey! I'm here to make understanding your medications easier."""
e03f054f-2aa8-4c2a-87f1-ef00390bd8b9,DIALOG_NODES_OUTPUT_GENERIC_TITLE,"workspace.dialog_nodes[type=""standard"", dialog_node=""Welcome""].output.generic[1].title","""Option"""
4de8024d-5ff4-443d-a233-2d984b05bfd9,DIALOG_NODES_OUTPUT_GENERIC_OPTIONS_LABEL,"workspace.dialog_nodes[type=""standard"", dialog_node=""Welcome""].output.generic[1].options[0].label","""Natural Alternatives for my med"""
36d99ef8-8a1c-494c-af1b-57c3aea8ffba,DIALOG_NODES_OUTPUT_GENERIC_OPTIONS_VALUE_INPUT_TEXT,"workspace.dialog_nodes[type=""standard"", dialog_node=""Welcome""].output.generic[1].options[0].value[label=""Natural Alternatives for my med""].input.text","""alternative"""
df881fe7-f803-4bc0-a570-6806b3af443e,DIALOG_NODES_OUTPUT_GENERIC_OPTIONS_LABEL,"workspace.dialog_nodes[type=""standard"", dialog_node=""Welcome""].output.generic[1].options[1].label","""Help me with my med side effects?"""
d408b1ed-650a-4a4b-a5be-b6255ebdb285,DIALOG_NODES_OUTPUT_GENERIC_OPTIONS_VALUE_INPUT_TEXT,"workspace.dialog_nodes[type=""standard"", dialog_node=""Welcome""].output.generic[1].options[1].value[label=""Help me with my med side effects?""].input.text","""sideeffect"""
a9a63878-351b-4882-b8cf-2fa113911b9d,DIALOG_NODES_CONDITIONS,"workspace.dialog_nodes[type=""standard"", dialog_node=""Welcome""].conditions","""welcome"""