id,resource_type,locator,translatable_string
fe0e86c0-4680-4162-8306-36a28bc67358,EXAMPLE_TEXT,"workspace.intents[intent=""age""].examples[0].text","""15"""
774ff118-c2ba-42f1-afa3-69efd9bcca4c,EXAMPLE_TEXT,"workspace.intents[intent=""age""].examples[1].text","""16"""
799e0b72-bed4-4758-ad5d-03245fd43ee3,EXAMPLE_TEXT,"workspace.intents[intent=""age""].examples[2].text","""17"""
9903f758-deaf-4721-90aa-3b5adce543cc,EXAMPLE_TEXT,"workspace.intents[intent=""age""].examples[3].text","""18"""
ba2f76b7-4adb-4c02-bd18-914f3deb4bd3,EXAMPLE_TEXT,"workspace.intents[intent=""age""].examples[4].text","""20"""
59ed1d91-259e-4992-834f-1c5688b14b59,EXAMPLE_TEXT,"workspace.intents[intent=""age""].examples[5].text","""22"""
2b102c00-1b32-49f5-a441-768378d78f9d,EXAMPLE_TEXT,"workspace.intents[intent=""age""].examples[6].text","""22 year-old"""
a52ed9f7-38ec-459b-acb7-9d0eb3348ca7,EXAMPLE_TEXT,"workspace.intents[intent=""age""].examples[7].text","""25"""
4c4c3212-7df4-4631-bec7-09067c67154a,EXAMPLE_TEXT,"workspace.intents[intent=""age""].examples[8].text","""28"""
ba175126-efca-40b5-af1a-61979151eb72,EXAMPLE_TEXT,"workspace.intents[intent=""age""].examples[9].text","""30"""
a9c536f5-5eac-46d8-8cc5-f04500c918f5,EXAMPLE_TEXT,"workspace.intents[intent=""age""].examples[10].text","""32"""
3d71c005-4788-41df-a96d-fa034cc321fc,EXAMPLE_TEXT,"workspace.intents[intent=""age""].examples[11].text","""35"""
cdc8b3ef-986f-4fad-8e90-ad36c7fd7bf0,EXAMPLE_TEXT,"workspace.intents[intent=""age""].examples[12].text","""38"""
d7a3b547-0b6e-4e25-8330-785cece51172,EXAMPLE_TEXT,"workspace.intents[intent=""age""].examples[13].text","""45"""
33bd1a40-dde9-4aa3-bea2-3db9bfd52e2f,EXAMPLE_TEXT,"workspace.intents[intent=""age""].examples[14].text","""70 this year"""
8be697cb-d7ef-4f8d-9891-b7a3d39dcb1d,EXAMPLE_TEXT,"workspace.intents[intent=""age""].examples[15].text","""around 50"""
1ac97e00-1d6a-4c5c-9b67-78274e87502e,EXAMPLE_TEXT,"workspace.intents[intent=""age""].examples[16].text","""my age 45 years"""
49a5f637-e8ea-4264-8f23-2cdaf0ab85d5,EXAMPLE_TEXT,"workspace.intents[intent=""age""].examples[17].text","""old enough to be 45"""
882e19d3-143c-4c13-b694-c7638495a1ab,EXAMPLE_TEXT,"workspace.intents[intent=""alternative""].examples[0].text","""Alternative to my med Panadol"""
a55554ac-80be-4096-be6f-ed353a4c96f2,EXAMPLE_TEXT,"workspace.intents[intent=""alternative""].examples[1].text","""Is there an laterantive for panadol ?"""
fe61d8fc-e844-4517-8109-ca9a78f3922b,EXAMPLE_TEXT,"workspace.intents[intent=""alternative""].examples[2].text","""Natural Alternatives for"""
0cccbd2f-7b9d-4353-af94-b8efe1c57ca1,EXAMPLE_TEXT,"workspace.intents[intent=""alternative""].examples[3].text","""Natural Alternatives for my med?"""
244e6862-e728-4ad4-b806-819461055ce5,EXAMPLE_TEXT,"workspace.intents[intent=""alternative""].examples[4].text","""Replacment for"""
9d0c04f8-daf0-4bab-857f-69ca5520fe7b,EXAMPLE_TEXT,"workspace.intents[intent=""generalChat""].examples[0].text","""Do you know any jokes?"""
6b3cca91-ee39-4907-a12c-a8d091be570c,EXAMPLE_TEXT,"workspace.intents[intent=""generalChat""].examples[1].text","""How are you?"""
b0579a32-4b61-497a-8a71-3373bb2b33d4,EXAMPLE_TEXT,"workspace.intents[intent=""generalChat""].examples[2].text","""Tell me a fun fact about medicine"""
1247569f-f5a8-4073-a432-a5673e1be82b,EXAMPLE_TEXT,"workspace.intents[intent=""getMedicine""].examples[0].text","""👋 Hey! I'm here to make understanding"""
db867157-c929-49ee-a295-221af78e6bcd,EXAMPLE_TEXT,"workspace.intents[intent=""getMedicine""].examples[1].text","""I'm looking up information about @medicin"""
0a52a1b1-104f-47d4-ae7c-3f50dc0225ca,EXAMPLE_TEXT,"workspace.intents[intent=""getMedicine""].examples[2].text","""I'm looking up information about Olumiant User Info: Sex: Female Medical Conditions: None specified Age Range: Adult (18–50) The user requested that you use standard clarity level with your responses and reply in English language."""
54c17ef3-1618-4249-af9d-b66dfdf3de7b,EXAMPLE_TEXT,"workspace.intents[intent=""Hello""].examples[0].text","""Heey"""
2bb23715-5d49-464c-b5a7-906c6251d2fa,EXAMPLE_TEXT,"workspace.intents[intent=""Hello""].examples[1].text","""Hellllo"""
43b18ca6-a566-46f8-99c1-9e0ce612c62c,EXAMPLE_TEXT,"workspace.intents[intent=""Hello""].examples[2].text","""hello hello"""
43f1ad74-76ad-4e00-ac46-eb4a4455a605,EXAMPLE_TEXT,"workspace.intents[intent=""Hello""].examples[3].text","""Hi"""
606ab656-15e3-4fe3-8384-fbf6e32c5da0,EXAMPLE_TEXT,"workspace.intents[intent=""Hello""].examples[4].text","""مرحبا"""
0c4f0bd4-86b3-4c6f-b6c5-8ac6a48cb1ae,EXAMPLE_TEXT,"workspace.intents[intent=""sideffect""].examples[0].text","""Alternative Medication Inquiry"""
fb308329-44a6-4eb1-913d-4e40ea268270,EXAMPLE_TEXT,"workspace.intents[intent=""sideffect""].examples[1].text","""Help me with my med side effects"""
cb61dc34-2fbb-462b-a4cb-c432439d289c,EXAMPLE_TEXT,"workspace.intents[intent=""sideffect""].examples[2].text","""sideeffect"""
6b4a87e8-c359-4461-9709-d82c3242e87c,EXAMPLE_TEXT,"workspace.intents[intent=""sideffect""].examples[3].text","""Side Effect Information Request"""
a4cb244f-2ac8-409f-ba48-7b26b40c14f0,EXAMPLE_TEXT,"workspace.intents[intent=""sideffect""].examples[4].text","""Side Effect Management"""
bf058851-34d6-41d7-ac89-81888fe485ac,EXAMPLE_TEXT,"workspace.intents[intent=""sideffect""].examples[5].text","""Side Effect Reporting"""
841d6647-e317-49aa-98fb-0785de04a6db,EXAMPLE_TEXT,"workspace.intents[intent=""sideffect""].examples[6].text","""side effects"""
01f1d2f6-305c-4178-86b9-8b22d94bbf23,EXAMPLE_TEXT,"workspace.intents[intent=""sideffect""].examples[7].text","""Side Effect Severity Assessment"""
6f5c33bc-2825-420f-8770-229dd4edaee2,ENTITY_VALUE,"workspace.entities[entity=""ageGroup""].values[type=""synonyms"", value=""Adult (18–50)""].value","""Adult (18–50)"""
3cfb5e20-1c01-43bf-9436-dfa0a00e08e0,ENTITY_VALUE,"workspace.entities[entity=""ageGroup""].values[type=""synonyms"", value=""Child (0–12)""].value","""Child (0–12)"""
bdac5adf-307a-4995-8776-640294492e2f,ENTITY_VALUE,"workspace.entities[entity=""ageGroup""].values[type=""synonyms"", value=""Senior (50+)""].value","""Senior (50+)"""
d98fd9c4-0dc4-4901-98f8-99f56c72d5a4,ENTITY_VALUE,"workspace.entities[entity=""ageGroup""].values[type=""synonyms"", value=""Teen (13–17)""].value","""Teen (13–17)"""
6b05dee9-ba0c-46f4-9f9c-1b7d956c0b3b,ENTITY_VALUE,"workspace.entities[entity=""medicin""].values[type=""synonyms"", value=""Acetaminophen""].value","""Acetaminophen"""
58056ab1-7780-495f-a956-624f6207d18f,ENTITY_VALUE,"workspace.entities[entity=""medicin""].values[type=""synonyms"", value=""Acetaminophen/codeine""].value","""Acetaminophen/codeine"""
59caed07-a9f9-4728-99d8-c16321679e49,ENTITY_VALUE,"workspace.entities[entity=""medicin""].values[type=""synonyms"", value=""Acetaminophen/codeine (Tylenol with Codeine)""].value","""Acetaminophen/codeine (Tylenol with Codeine)"""
b38d757c-28e2-41db-b11f-0fc9cdde6d12,ENTITY_VALUE,"workspace.entities[entity=""medicin""].values[type=""synonyms"", value=""Acetaminophen/hydrocodone""].value","""Acetaminophen/hydrocodone"""
4527afde-6d69-4e55-b236-b34bcd00cbad,ENTITY_VALUE,"workspace.entities[entity=""medicin""].values[type=""synonyms"", value=""Acetaminophen/hydrocodone (Norco) - Pain""].value","""Acetaminophen/hydrocodone (Norco) - Pain"""
07ac0436-4a5f-4b33-80c5-0ddce8987a20,ENTITY_VALUE,"workspace.entities[entity=""medicin""].values[type=""synonyms"", value=""Actavis""].value","""Actavis"""
ecdd9ad3-72b9-4f16-bb15-3fd377f11347,ENTITY_VALUE,"workspace.entities[entity=""medicin""].values[type=""synonyms"", value=""Acyclovir""].value","""Acyclovir"""
6ac5590a-5a8b-4479-8fa3-88aff9e8a64f,ENTITY_VALUE,"workspace.entities[entity=""medicin""].values[type=""synonyms"", value=""Acyclovir (Zovirax)""].value","""Acyclovir (Zovirax)"""
e48d023f-de97-415b-87d2-4ab7404f073d,ENTITY_VALUE,"workspace.entities[entity=""medicin""].values[type=""synonyms"", value=""Adalimumab (Humira) -""].value","""Adalimumab (Humira) -"""
cca90768-805a-4f05-bf9a-00e62957ae65,ENTITY_VALUE,"workspace.entities[entity=""medicin""].values[type=""synonyms"", value=""Adalimumab (Humira) - Rheumatoid arthritis/Crohn's disease""].value","""Adalimumab (Humira) - Rheumatoid arthritis/Crohn's disease"""
54c0bfff-24af-409d-977f-e1bb51b7848d,ENTITY_VALUE,"workspace.entities[entity=""medicin""].values[type=""synonyms"", value=""Albuterol""].value","""Albuterol"""
966f922f-fcf4-4afc-b27b-f7debf18f9d9,ENTITY_VALUE,"workspace.entities[entity=""medicin""].values[type=""synonyms"", value=""Albuterol (ProAir, Ventolin)""].value","""Albuterol (ProAir, Ventolin)"""
e300c7c2-c9ee-4636-a7c7-71806b198501,ENTITY_VALUE,"workspace.entities[entity=""medicin""].values[type=""synonyms"", value=""Alendronate""].value","""Alendronate"""
6599f170-1136-4878-980f-319e40be018b,ENTITY_VALUE,"workspace.entities[entity=""medicin""].values[type=""synonyms"", value=""Alendronate (Fosamax) - Osteoporosis""].value","""Alendronate (Fosamax) - Osteoporosis"""
ed0dd87c-fca0-4da9-9795-6c499d9a700c,ENTITY_VALUE,"workspace.entities[entity=""medicin""].values[type=""synonyms"", value=""Allopurinol""].value","""Allopurinol"""
7b5aca24-dc84-4480-81fa-661c1a4514a5,ENTITY_VALUE,"workspace.entities[entity=""medicin""].values[type=""synonyms"", value=""Allopurinol (Zyloprim) - Gout""].value","""Allopurinol (Zyloprim) - Gout"""
74518764-5426-4c60-a198-da4c42597d01,ENTITY_VALUE,"workspace.entities[entity=""medicin""].values[type=""synonyms"", value=""Alprazolam""].value","""Alprazolam"""
9f1e38fe-f482-4044-ab05-5cdf4ea20400,ENTITY_VALUE,"workspace.entities[entity=""medicin""].values[type=""synonyms"", value=""Alprazolam (Xanax)""].value","""Alprazolam (Xanax)"""
56fb3853-e92b-4319-a607-124773fa43f9,ENTITY_VALUE,"workspace.entities[entity=""medicin""].values[type=""synonyms"", value=""Aluminum hydroxide/magnesium""].value","""Aluminum hydroxide/magnesium"""
b2f22d4f-9d62-4300-9174-f4e357453461,ENTITY_VALUE,"workspace.entities[entity=""medicin""].values[type=""synonyms"", value=""Aluminum hydroxide/magnesium hydroxide (Maalox) - Antacid""].value","""Aluminum hydroxide/magnesium hydroxide (Maalox) - Antacid"""
ca1bdc5c-a984-41c5-8f1a-bd867c075436,ENTITY_VALUE,"workspace.entities[entity=""medicin""].values[type=""synonyms"", value=""Amitriptyline""].value","""Amitriptyline"""
3f0e6668-c0f5-4f7a-8b6e-7bf91221a5af,ENTITY_VALUE,"workspace.entities[entity=""medicin""].values[type=""synonyms"", value=""Amitriptyline (Elavil) - Depression/nerve pain""].value","""Amitriptyline (Elavil) - Depression/nerve pain"""
ed25fa3d-784e-4805-83c9-26db303c142d,ENTITY_VALUE,"workspace.entities[entity=""medicin""].values[type=""synonyms"", value=""Amlodipine""].value","""Amlodipine"""
5f4aba7e-fc39-405a-ad00-dba23bb4779c,ENTITY_VALUE,"workspace.entities[entity=""medicin""].values[type=""synonyms"", value=""Amlodipine (Norvasc) - Blood pressure""].value","""Amlodipine (Norvasc) - Blood pressure"""
bcf01973-850b-48ac-a543-aacf56a6bb05,ENTITY_VALUE,"workspace.entities[entity=""medicin""].values[type=""synonyms"", value=""Amoxicillin""].value","""Amoxicillin"""
e7b39dcf-96ab-4036-a92b-48497c4d21f3,ENTITY_VALUE,"workspace.entities[entity=""medicin""].values[type=""synonyms"", value=""Apixaban (Eliquis) - Blood thinner""].value","""Apixaban (Eliquis) - Blood thinner"""
b885dc1e-d87b-422c-8026-6cc6e772e7c7,ENTITY_VALUE,"workspace.entities[entity=""medicin""].values[type=""synonyms"", value=""Aripiprazole""].value","""Aripiprazole"""
a86914dd-a2a4-4615-9a27-7013f2b5fc25,ENTITY_VALUE,"workspace.entities[entity=""medicin""].values[type=""synonyms"", value=""Aripiprazole (Abilify) - Schizophrenia/bipolar disorder""].value","""Aripiprazole (Abilify) - Schizophrenia/bipolar disorder"""
d0f8f70a-772c-4416-9078-824e3067848c,ENTITY_VALUE,"workspace.entities[entity=""medicin""].values[type=""synonyms"", value=""Artificial tears""].value","""Artificial tears"""
e0cea313-0c15-490c-9e7e-29b785d6d6dc,ENTITY_VALUE,"workspace.entities[entity=""medicin""].values[type=""synonyms"", value=""Aspirin""].value","""Aspirin"""
379072ec-d3dc-41db-ae01-7f60e37abebe,ENTITY_VALUE,"workspace.entities[entity=""medicin""].values[type=""synonyms"", value=""Aspirin (Bayer)""].value","""Aspirin (Bayer)"""
4e90ed25-952e-46e6-aa7f-39818bb646ce,ENTITY_VALUE,"workspace.entities[entity=""medicin""].values[type=""synonyms"", value=""Aspirin/dipyridamole (Aggrenox) - Stroke prevention""].value","""Aspirin/dipyridamole (Aggrenox) - Stroke prevention"""
b8fdb644-06a4-4b4a-b67c-9e6f4310119f,ENTITY_VALUE,"workspace.entities[entity=""medicin""].values[type=""synonyms"", value=""Atorvastatin""].value","""Atorvastatin"""
0cea738b-300d-4240-b590-13c867e22357,ENTITY_VALUE,"workspace.entities[entity=""medicin""].values[type=""synonyms"", value=""Atorvastatin (Lipitor)""].value","""Atorvastatin (Lipitor)"""
aa4d07eb-c56d-46f2-81b7-034957d1d8a4,ENTITY_VALUE,"workspace.entities[entity=""medicin""].values[type=""synonyms"", value=""Azathioprine (Imuran) - Immunosuppressant""].value","""Azathioprine (Imuran) - Immunosuppressant"""
d18d539d-d568-41d0-8bb0-198c37ab9e32,ENTITY_VALUE,"workspace.entities[entity=""medicin""].values[type=""synonyms"", value=""Azithromycin""].value","""Azithromycin"""
1f3d5175-2ed6-47bb-b393-e28396fbf072,ENTITY_VALUE,"workspace.entities[entity=""medicin""].values[type=""synonyms"", value=""Azithromycin (Zithromax)""].value","""Azithromycin (Zithromax)"""
76b64ca5-a8fd-4d34-b1e6-1944070892a7,ENTITY_VALUE,"workspace.entities[entity=""medicin""].values[type=""synonyms"", value=""Beclomethasone (Qvar) - Asthma/allergies""].value","""Beclomethasone (Qvar) - Asthma/allergies"""
113b7be0-c081-45e4-ad34-a49559da45e9,ENTITY_VALUE,"workspace.entities[entity=""medicin""].values[type=""synonyms"", value=""Bisacodyl""].value","""Bisacodyl"""
2de67963-5e96-4823-b7ca-c5592a6c6ad9,ENTITY_VALUE,"workspace.entities[entity=""medicin""].values[type=""synonyms"", value=""Bisacodyl (Dulcolax)""].value","""Bisacodyl (Dulcolax)"""
3ad5f827-a2cd-4ba9-a4f4-d093515a0b55,ENTITY_VALUE,"workspace.entities[entity=""medicin""].values[type=""synonyms"", value=""Bismuth subsalicylate""].value","""Bismuth subsalicylate"""
050515cf-142a-4016-8589-a84728319fb4,ENTITY_VALUE,"workspace.entities[entity=""medicin""].values[type=""synonyms"", value=""Bismuth subsalicylate (Pepto-Bismol)""].value","""Bismuth subsalicylate (Pepto-Bismol)"""
ece3d65b-4077-4e7f-8853-12090f54b6b3,ENTITY_VALUE,"workspace.entities[entity=""medicin""].values[type=""synonyms"", value=""Budesonide (Pulmicort) - Asthma/COPD""].value","""Budesonide (Pulmicort) - Asthma/COPD"""
4133407d-3ce5-4867-bef4-38a4ad364d31,ENTITY_VALUE,"workspace.entities[entity=""medicin""].values[type=""synonyms"", value=""Bupropion""].value","""Bupropion"""
b9b13384-4158-466d-b844-aa7c4b235a58,ENTITY_VALUE,"workspace.entities[entity=""medicin""].values[type=""synonyms"", value=""Bupropion (Wellbutrin) - Depression/smoking cessation""].value","""Bupropion (Wellbutrin) - Depression/smoking cessation"""
0612663a-8107-4786-9030-5750c6c99a8f,ENTITY_VALUE,"workspace.entities[entity=""medicin""].values[type=""synonyms"", value=""Calcium""].value","""Calcium"""
a4cbd965-1df7-4061-afd3-b05d0b83ced0,ENTITY_VALUE,"workspace.entities[entity=""medicin""].values[type=""synonyms"", value=""Calcium carbonate (Tums)""].value","""Calcium carbonate (Tums)"""
4d5e72c0-35b4-4878-9ffc-91592793ac9e,ENTITY_VALUE,"workspace.entities[entity=""medicin""].values[type=""synonyms"", value=""Calcium carbonate (Tums) - Antacid/calcium supplement""].value","""Calcium carbonate (Tums) - Antacid/calcium supplement"""
e0878fce-425e-497f-a8d6-20bae0659f6b,ENTITY_VALUE,"workspace.entities[entity=""medicin""].values[type=""synonyms"", value=""Carbamide peroxide (Debrox)""].value","""Carbamide peroxide (Debrox)"""
aab0e485-0504-4bc1-9e59-3dbf1c23cf6a,ENTITY_VALUE,"workspace.entities[entity=""medicin""].values[type=""synonyms"", value=""Celecoxib""].value","""Celecoxib"""
fa584dfe-2908-45df-9004-08d2bf56de5d,ENTITY_VALUE,"workspace.entities[entity=""medicin""].values[type=""synonyms"", value=""Celecoxib (Celebrex)""].value","""Celecoxib (Celebrex)"""
8f825a97-a8a4-42aa-9e13-f86fd520856c,ENTITY_VALUE,"workspace.entities[entity=""medicin""].values[type=""synonyms"", value=""Cetirizine""].value","""Cetirizine"""
63fd7d7e-f374-491d-8759-3b32ffeb7fb8,ENTITY_VALUE,"workspace.entities[entity=""medicin""].values[type=""synonyms"", value=""Cetirizine/pseudoephedrine""].value","""Cetirizine/pseudoephedrine"""
dafb10aa-23c6-4a39-9d4e-11a56ba32ad1,ENTITY_VALUE,"workspace.entities[entity=""medicin""].values[type=""synonyms"", value=""Cetirizine/pseudoephedrine (Zyrtec-D)""].value","""Cetirizine/pseudoephedrine (Zyrtec-D)"""
1e98d06b-5cc2-46a3-a7db-212876bb4cc7,ENTITY_VALUE,"workspace.entities[entity=""medicin""].values[type=""synonyms"", value=""Cetirizine/pseudoephedrine (Zyrtec-D) - Allergies/congestion""].value","""Cetirizine/pseudoephedrine (Zyrtec-D) - Allergies/congestion"""
9272a33a-ed9b-4501-b3b2-305a0632860f,ENTITY_VALUE,"workspace.entities[entity=""medicin""].values[type=""synonyms"", value=""Cetirizine (Zyrtec)""].value","""Cetirizine (Zyrtec)"""
b80ba3cb-1849-4ec8-aff3-ee5265823af8,ENTITY_VALUE,"workspace.entities[entity=""medicin""].values[type=""synonyms"", value=""Ciprofloxacin""].value","""Ciprofloxacin"""
452cb724-9a86-435e-b45f-87506524bb0d,ENTITY_VALUE,"workspace.entities[entity=""medicin""].values[type=""synonyms"", value=""Ciprofloxacin (Cipro)""].value","""Ciprofloxacin (Cipro)"""
f469ccf4-0195-4caa-a15b-2d4e26e70e74,ENTITY_VALUE,"workspace.entities[entity=""medicin""].values[type=""synonyms"", value=""Clopidogrel (Plavix) - Blood thinner""].value","""Clopidogrel (Plavix) - Blood thinner"""
9b0eaeb9-fee8-4ec6-9238-4d90e14801f0,ENTITY_VALUE,"workspace.entities[entity=""medicin""].values[type=""synonyms"", value=""Clotrimazole""].value","""Clotrimazole"""
20b86610-6eb2-435c-83c8-3861971d7073,ENTITY_VALUE,"workspace.entities[entity=""medicin""].values[type=""synonyms"", value=""Clotrimazole (Lotrimin)""].value","""Clotrimazole (Lotrimin)"""
ceccff41-af6e-4bf0-9b2d-722034b96694,ENTITY_VALUE,"workspace.entities[entity=""medicin""].values[type=""synonyms"", value=""Colchicine""].value","""Colchicine"""
9ac091a7-e9e0-413a-91d9-8a36133bfc42,ENTITY_VALUE,"workspace.entities[entity=""medicin""].values[type=""synonyms"", value=""Colchicine (Colcrys) - Gout""].value","""Colchicine (Colcrys) - Gout"""
72d4c840-bb46-4c27-9840-daeb71647c6d,ENTITY_VALUE,"workspace.entities[entity=""medicin""].values[type=""synonyms"", value=""Cromolyn sodium (Intal) - Asthma/allergies""].value","""Cromolyn sodium (Intal) - Asthma/allergies"""
775c2862-b44d-4281-baef-0ec1396c9053,ENTITY_VALUE,"workspace.entities[entity=""medicin""].values[type=""synonyms"", value=""Cyclobenzaprine""].value","""Cyclobenzaprine"""
60b33230-47a4-4562-9b8e-2c3fdcded636,ENTITY_VALUE,"workspace.entities[entity=""medicin""].values[type=""synonyms"", value=""Cyclobenzaprine (Flexeril) - Muscle relaxant""].value","""Cyclobenzaprine (Flexeril) - Muscle relaxant"""
fe51d2ee-dff3-474f-9892-8b34594dc0c4,ENTITY_VALUE,"workspace.entities[entity=""medicin""].values[type=""synonyms"", value=""Cyclosporine (Sandimmune) - Immunosuppressant""].value","""Cyclosporine (Sandimmune) - Immunosuppressant"""
2a292c00-bdb5-4b85-b600-c8e2aae356d4,ENTITY_VALUE,"workspace.entities[entity=""medicin""].values[type=""synonyms"", value=""Dabigatran (Pradaxa) - Blood thinner""].value","""Dabigatran (Pradaxa) - Blood thinner"""
dcbe9f7d-84f3-4c2f-8c6e-921bbe882e02,ENTITY_VALUE,"workspace.entities[entity=""medicin""].values[type=""synonyms"", value=""Dexamethasone (Decadron) - Inflammation""].value","""Dexamethasone (Decadron) - Inflammation"""
495a3dfb-76c8-4bec-b38b-0e167fbb091f,ENTITY_VALUE,"workspace.entities[entity=""medicin""].values[type=""synonyms"", value=""Dextromethorphan""].value","""Dextromethorphan"""
1bcca0fa-4235-4d7f-abcb-8e7e01aa5a5f,ENTITY_VALUE,"workspace.entities[entity=""medicin""].values[type=""synonyms"", value=""Dextromethorphan (Robitussin DM)""].value","""Dextromethorphan (Robitussin DM)"""
79dfdcb7-2bb9-43ce-9b19-1158e158efce,ENTITY_VALUE,"workspace.entities[entity=""medicin""].values[type=""synonyms"", value=""Diclofenac""].value","""Diclofenac"""
de7a1f73-2bbc-4b46-b02f-6e0428316973,ENTITY_VALUE,"workspace.entities[entity=""medicin""].values[type=""synonyms"", value=""Diclofenac (Voltaren)""].value","""Diclofenac (Voltaren)"""
6ad881ab-6c0f-49a0-b6c9-16a7e9694d71,ENTITY_VALUE,"workspace.entities[entity=""medicin""].values[type=""synonyms"", value=""Digoxin (Lanoxin) - Heart failure""].value","""Digoxin (Lanoxin) - Heart failure"""
c1c43a5a-fbb4-4a9e-974e-091faa2884be,ENTITY_VALUE,"workspace.entities[entity=""medicin""].values[type=""synonyms"", value=""Diltiazem (Cardizem) - Blood pressure/angina""].value","""Diltiazem (Cardizem) - Blood pressure/angina"""
4d0d5b76-920a-4c31-9f60-d6efc4ae3c83,ENTITY_VALUE,"workspace.entities[entity=""medicin""].values[type=""synonyms"", value=""Diphenhydramine""].value","""Diphenhydramine"""
5b3e94ca-e11c-4b53-bb56-196153e291ab,ENTITY_VALUE,"workspace.entities[entity=""medicin""].values[type=""synonyms"", value=""Diphenhydramine (Benadryl)""].value","""Diphenhydramine (Benadryl)"""
cb4c598e-744a-41c1-93fc-d2113ac951e0,ENTITY_VALUE,"workspace.entities[entity=""medicin""].values[type=""synonyms"", value=""Docusate sodium (Colace) - Stool softener""].value","""Docusate sodium (Colace) - Stool softener"""
b9380987-38d3-4cf7-aeb4-b3fc809392d0,ENTITY_VALUE,"workspace.entities[entity=""medicin""].values[type=""synonyms"", value=""Doxycycline""].value","""Doxycycline"""
3549388a-b9c3-4941-b7cf-06a4021b5451,ENTITY_VALUE,"workspace.entities[entity=""medicin""].values[type=""synonyms"", value=""Duloxetine""].value","""Duloxetine"""
02951a67-fc87-42f2-8a4c-b53f1645551c,ENTITY_VALUE,"workspace.entities[entity=""medicin""].values[type=""synonyms"", value=""Duloxetine (Cymbalta) - Depression/nerve pain""].value","""Duloxetine (Cymbalta) - Depression/nerve pain"""
b516816d-259b-4acf-a574-5ad4b5381297,ENTITY_VALUE,"workspace.entities[entity=""medicin""].values[type=""synonyms"", value=""Enalapril (Vasotec) - Blood pressure/heart failure""].value","""Enalapril (Vasotec) - Blood pressure/heart failure"""
b1726031-4a40-493e-b68a-fd6dc4758da7,ENTITY_VALUE,"workspace.entities[entity=""medicin""].values[type=""synonyms"", value=""Escitalopram""].value","""Escitalopram"""
5f23e8df-0440-4ffa-9f9f-c922a40b6783,ENTITY_VALUE,"workspace.entities[entity=""medicin""].values[type=""synonyms"", value=""Escitalopram (Lexapro)""].value","""Escitalopram (Lexapro)"""
c6b3db5e-16cc-4895-b84a-0283c7947267,ENTITY_VALUE,"workspace.entities[entity=""medicin""].values[type=""synonyms"", value=""Esomeprazole""].value","""Esomeprazole"""
f5e20699-6dce-464c-ba63-64bb38178a46,ENTITY_VALUE,"workspace.entities[entity=""medicin""].values[type=""synonyms"", value=""Esomeprazole (Nexium)""].value","""Esomeprazole (Nexium)"""
cdf76816-685b-4ccf-94d2-4873addd3782,ENTITY_VALUE,"workspace.entities[entity=""medicin""].values[type=""synonyms"", value=""Estradiol (Estrace)""].value","""Estradiol (Estrace)"""
e82c3cbd-670b-4776-928f-37b480a31bee,ENTITY_VALUE,"workspace.entities[entity=""medicin""].values[type=""synonyms"", value=""Eszopiclone""].value","""Eszopiclone"""
9af951a2-2a65-4711-9fbf-48897d6127c4,ENTITY_VALUE,"workspace.entities[entity=""medicin""].values[type=""synonyms"", value=""Eszopiclone (Lunesta) - Insomnia""].value","""Eszopiclone (Lunesta) - Insomnia"""
abe103aa-b35f-4a58-ac92-06e02e22ab31,ENTITY_VALUE,"workspace.entities[entity=""medicin""].values[type=""synonyms"", value=""Etanercept (Enbrel) -""].value","""Etanercept (Enbrel) -"""
15c8f3e6-73e6-4138-943d-a01ad4863bb6,ENTITY_VALUE,"workspace.entities[entity=""medicin""].values[type=""synonyms"", value=""Etanercept (Enbrel) - Rheumatoid arthritis/psoriasis""].value","""Etanercept (Enbrel) - Rheumatoid arthritis/psoriasis"""
33f402f6-df64-44ae-b476-5a583e86c7e4,ENTITY_VALUE,"workspace.entities[entity=""medicin""].values[type=""synonyms"", value=""Ethinyl estradiol/norethindrone""].value","""Ethinyl estradiol/norethindrone"""
6e55e053-42f2-495c-aea4-6f3946032728,ENTITY_VALUE,"workspace.entities[entity=""medicin""].values[type=""synonyms"", value=""Famotidine""].value","""Famotidine"""
f00c3b67-6026-4f77-be29-733b4380d093,ENTITY_VALUE,"workspace.entities[entity=""medicin""].values[type=""synonyms"", value=""Famotidine (Pepcid)""].value","""Famotidine (Pepcid)"""
5bb242e4-85d0-43b4-8a8c-0806b9756153,ENTITY_VALUE,"workspace.entities[entity=""medicin""].values[type=""synonyms"", value=""Fentanyl""].value","""Fentanyl"""
703c9201-1727-4e9a-850d-6ccb5eba0c42,ENTITY_VALUE,"workspace.entities[entity=""medicin""].values[type=""synonyms"", value=""Fentanyl (Duragesic) - Pain""].value","""Fentanyl (Duragesic) - Pain"""
472e188a-314f-43ec-b8e1-0b36f8928281,ENTITY_VALUE,"workspace.entities[entity=""medicin""].values[type=""synonyms"", value=""Fexofenadine""].value","""Fexofenadine"""
28bf86db-fba7-42d2-9a55-84af8d954482,ENTITY_VALUE,"workspace.entities[entity=""medicin""].values[type=""synonyms"", value=""Fexofenadine (Allegra)""].value","""Fexofenadine (Allegra)"""
e0a3ca2e-2909-4471-a452-5d935834676a,ENTITY_VALUE,"workspace.entities[entity=""medicin""].values[type=""synonyms"", value=""Fexofenadine/pseudoephedrine""].value","""Fexofenadine/pseudoephedrine"""
4bd89d4d-2df1-431e-8484-8e87fef02571,ENTITY_VALUE,"workspace.entities[entity=""medicin""].values[type=""synonyms"", value=""Fexofenadine/pseudoephedrine (Allegra-D) -""].value","""Fexofenadine/pseudoephedrine (Allegra-D) -"""
c0b28276-4d66-4f75-9eec-56dbb0d06b94,ENTITY_VALUE,"workspace.entities[entity=""medicin""].values[type=""synonyms"", value=""Fexofenadine/pseudoephedrine (Allegra-D) - Allergies/congestion""].value","""Fexofenadine/pseudoephedrine (Allegra-D) - Allergies/congestion"""
0d9a5899-c242-4de3-84ac-2bc0ad733c6e,ENTITY_VALUE,"workspace.entities[entity=""medicin""].values[type=""synonyms"", value=""Finasteride""].value","""Finasteride"""
0409e95b-d97b-4048-a890-73c3b076c8ce,ENTITY_VALUE,"workspace.entities[entity=""medicin""].values[type=""synonyms"", value=""Finasteride (Proscar) - Enlarged prostate/hair loss""].value","""Finasteride (Proscar) - Enlarged prostate/hair loss"""
b72e6dfd-31e8-4667-a6e2-8b36db61d9ac,ENTITY_VALUE,"workspace.entities[entity=""medicin""].values[type=""synonyms"", value=""Fish oil""].value","""Fish oil"""
025141be-fbb0-444b-b891-5e59381a6bed,ENTITY_VALUE,"workspace.entities[entity=""medicin""].values[type=""synonyms"", value=""Fluconazole""].value","""Fluconazole"""
0093b50a-7f62-453c-b34b-9a14fe9e29dc,ENTITY_VALUE,"workspace.entities[entity=""medicin""].values[type=""synonyms"", value=""Fluconazole (Diflucan)""].value","""Fluconazole (Diflucan)"""
dd68daeb-27e7-411d-bc7b-1da4b64e12b3,ENTITY_VALUE,"workspace.entities[entity=""medicin""].values[type=""synonyms"", value=""Fluoxetine""].value","""Fluoxetine"""
cc7bb898-75b9-421a-91f0-380e81cbe1bf,ENTITY_VALUE,"workspace.entities[entity=""medicin""].values[type=""synonyms"", value=""Fluoxetine (Prozac)""].value","""Fluoxetine (Prozac)"""
394b3e36-a271-4044-9995-d1eaa2903c3f,ENTITY_VALUE,"workspace.entities[entity=""medicin""].values[type=""synonyms"", value=""Fluticasone""].value","""Fluticasone"""
d54c0313-4c11-41ff-9a0e-7d2a696f4b0c,ENTITY_VALUE,"workspace.entities[entity=""medicin""].values[type=""synonyms"", value=""Fluticasone (Flovent)""].value","""Fluticasone (Flovent)"""
81c626ff-f8e1-4e00-b7fd-5adc16e11b3e,ENTITY_VALUE,"workspace.entities[entity=""medicin""].values[type=""synonyms"", value=""Fluticasone/salmeterol (Advair) - Asthma/COPD""].value","""Fluticasone/salmeterol (Advair) - Asthma/COPD"""
39d0675d-75b0-459f-9dcf-2522d503f1e2,ENTITY_VALUE,"workspace.entities[entity=""medicin""].values[type=""synonyms"", value=""Furosemide (Lasix) - Diuretic""].value","""Furosemide (Lasix) - Diuretic"""
cd73901e-02ad-4489-a6ef-9d79bc2e5d88,ENTITY_VALUE,"workspace.entities[entity=""medicin""].values[type=""synonyms"", value=""Gabapentin""].value","""Gabapentin"""
b5bf32ec-8d24-409d-ad27-ac3ea4b912ea,ENTITY_VALUE,"workspace.entities[entity=""medicin""].values[type=""synonyms"", value=""Gabapentin (Neurontin) - Nerve pain""].value","""Gabapentin (Neurontin) - Nerve pain"""
6fc5b6ce-a932-4731-afdb-b33ee981a941,ENTITY_VALUE,"workspace.entities[entity=""medicin""].values[type=""synonyms"", value=""Guaifenesin""].value","""Guaifenesin"""
f15840cb-2306-4986-9672-3f8232728f8d,ENTITY_VALUE,"workspace.entities[entity=""medicin""].values[type=""synonyms"", value=""Guaifenesin/dextromethorphan""].value","""Guaifenesin/dextromethorphan"""
71ca530a-7758-4c0c-9d60-6105605db42c,ENTITY_VALUE,"workspace.entities[entity=""medicin""].values[type=""synonyms"", value=""Guaifenesin/dextromethorphan/phenylephrine""].value","""Guaifenesin/dextromethorphan/phenylephrine"""
3dfa1612-4aac-48aa-bcda-96450620644d,ENTITY_VALUE,"workspace.entities[entity=""medicin""].values[type=""synonyms"", value=""Guaifenesin (Mucinex)""].value","""Guaifenesin (Mucinex)"""
1f4d6046-c041-4eee-9fe6-4d1ed585922f,ENTITY_VALUE,"workspace.entities[entity=""medicin""].values[type=""synonyms"", value=""Hydrochlorothiazide (Microzide) - Diuretic""].value","""Hydrochlorothiazide (Microzide) - Diuretic"""
fb88c89a-efd5-4319-953a-0b1d8e7a5155,ENTITY_VALUE,"workspace.entities[entity=""medicin""].values[type=""synonyms"", value=""Hydrocodone""].value","""Hydrocodone"""
5bf87be1-3404-41b6-86ad-af0feaa507d4,ENTITY_VALUE,"workspace.entities[entity=""medicin""].values[type=""synonyms"", value=""Hydrocodone (Vicodin) - Pain""].value","""Hydrocodone (Vicodin) - Pain"""
d3ad3e04-3a57-4439-95a7-a702b7ceff34,ENTITY_VALUE,"workspace.entities[entity=""medicin""].values[type=""synonyms"", value=""Hydrocortisone""].value","""Hydrocortisone"""
43143e17-751a-463b-b9ab-7dffd923bbcb,ENTITY_VALUE,"workspace.entities[entity=""medicin""].values[type=""synonyms"", value=""Hydrocortisone cream""].value","""Hydrocortisone cream"""
6b658f01-f3f2-443d-92bc-112ed0b150f1,ENTITY_VALUE,"workspace.entities[entity=""medicin""].values[type=""synonyms"", value=""Hydroxychloroquine (Plaquenil)""].value","""Hydroxychloroquine (Plaquenil)"""
fc9d54b2-ad00-4875-bf5b-53662f512168,ENTITY_VALUE,"workspace.entities[entity=""medicin""].values[type=""synonyms"", value=""Hydroxychloroquine (Plaquenil) - Rheumatoid arthritis/lupus""].value","""Hydroxychloroquine (Plaquenil) - Rheumatoid arthritis/lupus"""
18a96d4f-1ee6-4d33-9325-de12f182cc1a,ENTITY_VALUE,"workspace.entities[entity=""medicin""].values[type=""synonyms"", value=""Ibandronate""].value","""Ibandronate"""
b711cd76-c8d9-465e-a07d-e25a990aa2d2,ENTITY_VALUE,"workspace.entities[entity=""medicin""].values[type=""synonyms"", value=""Ibandronate (Boniva) - Osteoporosis""].value","""Ibandronate (Boniva) - Osteoporosis"""
b9b4c9ba-a528-401f-8782-2db2bcec1bd2,ENTITY_VALUE,"workspace.entities[entity=""medicin""].values[type=""synonyms"", value=""Ibuprofen""].value","""Ibuprofen"""
ec9aa8de-6287-42d3-ab50-2c6fe9b6a8ac,ENTITY_VALUE,"workspace.entities[entity=""medicin""].values[type=""synonyms"", value=""Ibuprofen (Advil, Motrin)""].value","""Ibuprofen (Advil, Motrin)"""
b500473a-ab3d-420c-aa84-e84fb8c30ec8,ENTITY_VALUE,"workspace.entities[entity=""medicin""].values[type=""synonyms"", value=""Ibuprofen/pseudoephedrine""].value","""Ibuprofen/pseudoephedrine"""
6c0567aa-3710-4dd4-ac49-2059903baec4,ENTITY_VALUE,"workspace.entities[entity=""medicin""].values[type=""synonyms"", value=""Ibuprofen/pseudoephedrine (Advil Cold & Sinus) - Pain/congestion""].value","""Ibuprofen/pseudoephedrine (Advil Cold & Sinus) - Pain/congestion"""
0c242288-19ed-4245-933e-1e0b3b4a47d1,ENTITY_VALUE,"workspace.entities[entity=""medicin""].values[type=""synonyms"", value=""I'm looking up information""].value","""I'm looking up information"""
bc497c15-461a-40a9-ad19-42d80ccbe815,ENTITY_VALUE,"workspace.entities[entity=""medicin""].values[type=""synonyms"", value=""Indomethacin""].value","""Indomethacin"""
8a20c78f-63cb-41c1-aef7-bda6721f6aec,ENTITY_VALUE,"workspace.entities[entity=""medicin""].values[type=""synonyms"", value=""Indomethacin (Indocin)""].value","""Indomethacin (Indocin)"""
d8494205-1ced-4c8c-9a75-fcc343020146,ENTITY_VALUE,"workspace.entities[entity=""medicin""].values[type=""synonyms"", value=""Infliximab (Remicade)""].value","""Infliximab (Remicade)"""
a6e418e5-ba6a-4259-aa12-6e9d5cd2d7cd,ENTITY_VALUE,"workspace.entities[entity=""medicin""].values[type=""synonyms"", value=""Infliximab (Remicade) - Rheumatoid arthritis/Crohn's disease""].value","""Infliximab (Remicade) - Rheumatoid arthritis/Crohn's disease"""
a686e28f-12b2-4c3b-ba30-55a20855c189,ENTITY_VALUE,"workspace.entities[entity=""medicin""].values[type=""synonyms"", value=""Insulin""].value","""Insulin"""
d2b31d06-d1e3-42ca-856a-111a5eb833f3,ENTITY_VALUE,"workspace.entities[entity=""medicin""].values[type=""synonyms"", value=""Insulin (various types)""].value","""Insulin (various types)"""
6cae5978-6526-42a3-9c8f-cbaaa0eaf2e9,ENTITY_VALUE,"workspace.entities[entity=""medicin""].values[type=""synonyms"", value=""Ipratropium (Atrovent) - COPD""].value","""Ipratropium (Atrovent) - COPD"""
b8b45e7b-6fa2-4ab7-aa4c-b17b76864c6c,ENTITY_VALUE,"workspace.entities[entity=""medicin""].values[type=""synonyms"", value=""Iron""].value","""Iron"""
aad62b02-d46c-4703-9dca-d207866c130f,ENTITY_VALUE,"workspace.entities[entity=""medicin""].values[type=""synonyms"", value=""Isosorbide mononitrate (Imdur) - Angina""].value","""Isosorbide mononitrate (Imdur) - Angina"""
8572ef9d-3a66-434c-a995-54e05b64a1d2,ENTITY_VALUE,"workspace.entities[entity=""medicin""].values[type=""synonyms"", value=""Ketorolac""].value","""Ketorolac"""
f481b657-003e-4437-9f96-fae8658a73dd,ENTITY_VALUE,"workspace.entities[entity=""medicin""].values[type=""synonyms"", value=""Ketorolac (Toradol)""].value","""Ketorolac (Toradol)"""
03939fc2-a0df-4fd5-8be3-6f8017feb8b0,ENTITY_VALUE,"workspace.entities[entity=""medicin""].values[type=""synonyms"", value=""Lactulose - Constipation/hepatic encephalopathy""].value","""Lactulose - Constipation/hepatic encephalopathy"""
c46d9a7c-70e2-4ad0-b22b-15b98f8ed5ca,ENTITY_VALUE,"workspace.entities[entity=""medicin""].values[type=""synonyms"", value=""Lansoprazole""].value","""Lansoprazole"""
4345343e-24e9-4e54-b9ad-6ddd871cb4f8,ENTITY_VALUE,"workspace.entities[entity=""medicin""].values[type=""synonyms"", value=""Lansoprazole (Prevacid)""].value","""Lansoprazole (Prevacid)"""
5d65312f-ae09-45b8-a590-c47418f148da,ENTITY_VALUE,"workspace.entities[entity=""medicin""].values[type=""synonyms"", value=""Latanoprost (Xalatan)""].value","""Latanoprost (Xalatan)"""
379440d8-a460-40aa-a1ab-aafc076d8432,ENTITY_VALUE,"workspace.entities[entity=""medicin""].values[type=""synonyms"", value=""Levonorgestrel""].value","""Levonorgestrel"""
2c974dc5-abdc-49a7-999b-9d671c0ed1bc,ENTITY_VALUE,"workspace.entities[entity=""medicin""].values[type=""synonyms"", value=""Levonorgestrel (Plan B) - Emergency contraception""].value","""Levonorgestrel (Plan B) - Emergency contraception"""
789067a0-bb60-4f32-abb1-d1f7313eacb7,ENTITY_VALUE,"workspace.entities[entity=""medicin""].values[type=""synonyms"", value=""Levothyroxine""].value","""Levothyroxine"""
649e0026-0ba8-42d9-8f65-b6e666278037,ENTITY_VALUE,"workspace.entities[entity=""medicin""].values[type=""synonyms"", value=""Levothyroxine (Synthroid)""].value","""Levothyroxine (Synthroid)"""
a1da12b7-e0ed-4003-95ae-bebd459c6718,ENTITY_VALUE,"workspace.entities[entity=""medicin""].values[type=""synonyms"", value=""Lisinopril""].value","""Lisinopril"""
a7be4f62-c268-4056-a807-dabe11ec1f27,ENTITY_VALUE,"workspace.entities[entity=""medicin""].values[type=""synonyms"", value=""Lisinopril/hydrochlorothiazide""].value","""Lisinopril/hydrochlorothiazide"""
4cc2846e-d048-44d1-ac58-5e8e97760a5b,ENTITY_VALUE,"workspace.entities[entity=""medicin""].values[type=""synonyms"", value=""Lisinopril/hydrochlorothiazide (Zestoretic) - Blood pressure""].value","""Lisinopril/hydrochlorothiazide (Zestoretic) - Blood pressure"""
647dff73-4fdf-43ee-9589-3c1086fd8fa0,ENTITY_VALUE,"workspace.entities[entity=""medicin""].values[type=""synonyms"", value=""Lisinopril (Prinivil, Zestril)""].value","""Lisinopril (Prinivil, Zestril)"""
e4b22975-2ede-40c4-ba42-4af492c4829d,ENTITY_VALUE,"workspace.entities[entity=""medicin""].values[type=""synonyms"", value=""Loperamide""].value","""Loperamide"""
f00877df-5a15-4f9a-9a9a-bb6ac01c0dcf,ENTITY_VALUE,"workspace.entities[entity=""medicin""].values[type=""synonyms"", value=""Loperamide (Imodium)""].value","""Loperamide (Imodium)"""
d072d349-6f6c-4401-b7c8-3487a0578c5d,ENTITY_VALUE,"workspace.entities[entity=""medicin""].values[type=""synonyms"", value=""Loratadine""].value","""Loratadine"""
601ca5b2-b988-4cf0-957e-ae41d5d50bc0,ENTITY_VALUE,"workspace.entities[entity=""medicin""].values[type=""synonyms"", value=""Loratadine (Claritin)""].value","""Loratadine (Claritin)"""
35a9cdff-703e-4248-9e47-86f0af45484a,ENTITY_VALUE,"workspace.entities[entity=""medicin""].values[type=""synonyms"", value=""Loratadine/pseudoephedrine""].value","""Loratadine/pseudoephedrine"""
0e85c4d1-013d-48b7-b766-a20fe4fa6268,ENTITY_VALUE,"workspace.entities[entity=""medicin""].values[type=""synonyms"", value=""Loratadine/pseudoephedrine (Claritin-D)""].value","""Loratadine/pseudoephedrine (Claritin-D)"""
2fbdd547-6dfc-4c7a-a389-595b4c04bf12,ENTITY_VALUE,"workspace.entities[entity=""medicin""].values[type=""synonyms"", value=""Loratadine/pseudoephedrine (Claritin-D) - Allergies/congestion""].value","""Loratadine/pseudoephedrine (Claritin-D) - Allergies/congestion"""
6a2bf176-07aa-4a70-8842-02795eaf382a,ENTITY_VALUE,"workspace.entities[entity=""medicin""].values[type=""synonyms"", value=""Lorazepam""].value","""Lorazepam"""
20f5a84d-4184-4120-9449-cfc43e2518a9,ENTITY_VALUE,"workspace.entities[entity=""medicin""].values[type=""synonyms"", value=""Lorazepam (Ativan)""].value","""Lorazepam (Ativan)"""
567a62f0-29c2-4192-b4f2-49194907a168,ENTITY_VALUE,"workspace.entities[entity=""medicin""].values[type=""synonyms"", value=""Losartan (Cozaar) - Blood pressure""].value","""Losartan (Cozaar) - Blood pressure"""
86a061be-04eb-4341-bb2a-3d8b1c0479d8,ENTITY_VALUE,"workspace.entities[entity=""medicin""].values[type=""synonyms"", value=""Magnesium hydroxide""].value","""Magnesium hydroxide"""
33bab8fd-722c-490b-bf67-2aab658d1240,ENTITY_VALUE,"workspace.entities[entity=""medicin""].values[type=""synonyms"", value=""Magnesium hydroxide (Milk of Magnesia) - Laxative/antacid""].value","""Magnesium hydroxide (Milk of Magnesia) - Laxative/antacid"""
333d5af8-20a7-4b95-bed9-c7d78cc6001a,ENTITY_VALUE,"workspace.entities[entity=""medicin""].values[type=""synonyms"", value=""Medroxyprogesterone""].value","""Medroxyprogesterone"""
bf493e88-b227-42e0-b56b-0fef1356e9e6,ENTITY_VALUE,"workspace.entities[entity=""medicin""].values[type=""synonyms"", value=""Medroxyprogesterone (Depo-Provera) - Birth control""].value","""Medroxyprogesterone (Depo-Provera) - Birth control"""
e900c268-a7b5-461a-8503-f66a3b8b5498,ENTITY_VALUE,"workspace.entities[entity=""medicin""].values[type=""synonyms"", value=""Meloxicam""].value","""Meloxicam"""
9404004d-e6de-4ee5-b088-2dfe4a7071f3,ENTITY_VALUE,"workspace.entities[entity=""medicin""].values[type=""synonyms"", value=""Meloxicam (Mobic)""].value","""Meloxicam (Mobic)"""
72982a86-cc6d-451e-9642-05f4c7298ddd,ENTITY_VALUE,"workspace.entities[entity=""medicin""].values[type=""synonyms"", value=""Metformin""].value","""Metformin"""
8825d135-f868-437f-8bbc-8869573626f2,ENTITY_VALUE,"workspace.entities[entity=""medicin""].values[type=""synonyms"", value=""Metformin (Glucophage)""].value","""Metformin (Glucophage)"""
36eda676-cb86-454e-8a1f-50203b85e410,ENTITY_VALUE,"workspace.entities[entity=""medicin""].values[type=""synonyms"", value=""Methotrexate (Rheumatrex)""].value","""Methotrexate (Rheumatrex)"""
8e583631-cb9d-43ff-941e-7459996d7aeb,ENTITY_VALUE,"workspace.entities[entity=""medicin""].values[type=""synonyms"", value=""Methotrexate (Rheumatrex) - Rheumatoid arthritis/cancer""].value","""Methotrexate (Rheumatrex) - Rheumatoid arthritis/cancer"""
a1ee8372-cbf2-4129-852e-d7064440fd7f,ENTITY_VALUE,"workspace.entities[entity=""medicin""].values[type=""synonyms"", value=""Methylphenidate""].value","""Methylphenidate"""
d48aadc5-40f1-4b81-aa26-a4814d50f4d4,ENTITY_VALUE,"workspace.entities[entity=""medicin""].values[type=""synonyms"", value=""Methylphenidate (Ritalin) - ADHD""].value","""Methylphenidate (Ritalin) - ADHD"""
b3459f2b-fec1-4737-954b-351797f293cf,ENTITY_VALUE,"workspace.entities[entity=""medicin""].values[type=""synonyms"", value=""Methylprednisolone (Medrol) - Inflammation""].value","""Methylprednisolone (Medrol) - Inflammation"""
1b757755-9bbb-409a-be3a-07b1c976fffb,ENTITY_VALUE,"workspace.entities[entity=""medicin""].values[type=""synonyms"", value=""Metoprolol""].value","""Metoprolol"""
de3060aa-3f75-4c35-a97d-3f63da1cf375,ENTITY_VALUE,"workspace.entities[entity=""medicin""].values[type=""synonyms"", value=""Metoprolol (Lopressor, Toprol XL)""].value","""Metoprolol (Lopressor, Toprol XL)"""
44ee73a2-f10f-4358-bda9-f9ae2f64acb8,ENTITY_VALUE,"workspace.entities[entity=""medicin""].values[type=""synonyms"", value=""Miconazole""].value","""Miconazole"""
ae46d0a5-6a63-4f89-a44a-af443fb41d4f,ENTITY_VALUE,"workspace.entities[entity=""medicin""].values[type=""synonyms"", value=""Miconazole (Monistat)""].value","""Miconazole (Monistat)"""
c3171091-8d94-4bed-a67a-197d8004474f,ENTITY_VALUE,"workspace.entities[entity=""medicin""].values[type=""synonyms"", value=""Mometasone (Nasonex) - Allergies/sinusitis""].value","""Mometasone (Nasonex) - Allergies/sinusitis"""
c1c6c283-0777-4855-9d0f-8ab2b99a2c28,ENTITY_VALUE,"workspace.entities[entity=""medicin""].values[type=""synonyms"", value=""Montelukast (Singulair) - Asthma/allergies""].value","""Montelukast (Singulair) - Asthma/allergies"""
767c8ccb-7c4b-43f8-bf38-c8c2fcc3c525,ENTITY_VALUE,"workspace.entities[entity=""medicin""].values[type=""synonyms"", value=""Mycophenolate mofetil (CellCept) -""].value","""Mycophenolate mofetil (CellCept) -"""
a71d9057-f223-435d-bf04-2c8dc3a21fdf,ENTITY_VALUE,"workspace.entities[entity=""medicin""].values[type=""synonyms"", value=""Mycophenolate mofetil (CellCept) - Immunosuppressant""].value","""Mycophenolate mofetil (CellCept) - Immunosuppressant"""
bc064c37-7058-4e97-834f-04046ebdb609,ENTITY_VALUE,"workspace.entities[entity=""medicin""].values[type=""synonyms"", value=""Naproxen""].value","""Naproxen"""
80dfe8ad-bb1e-4caf-895e-4e8bd737a2f5,ENTITY_VALUE,"workspace.entities[entity=""medicin""].values[type=""synonyms"", value=""Naproxen (Aleve)""].value","""Naproxen (Aleve)"""
662b2672-2157-4ce9-afe4-c971b46b4838,ENTITY_VALUE,"workspace.entities[entity=""medicin""].values[type=""synonyms"", value=""Naproxen/pseudoephedrine""].value","""Naproxen/pseudoephedrine"""
07135dd1-d613-411d-83ac-ae3043beb152,ENTITY_VALUE,"workspace.entities[entity=""medicin""].values[type=""synonyms"", value=""Nifedipine (Procardia) - Blood pressure""].value","""Nifedipine (Procardia) - Blood pressure"""
a31fb7e1-f40d-435b-a9fa-fab02fbbf062,ENTITY_VALUE,"workspace.entities[entity=""medicin""].values[type=""synonyms"", value=""Nitroglycerin (Nitrostat) - Angina""].value","""Nitroglycerin (Nitrostat) - Angina"""
d9770359-f6b5-4ce1-9950-10608e355908,ENTITY_VALUE,"workspace.entities[entity=""medicin""].values[type=""synonyms"", value=""Nortriptyline""].value","""Nortriptyline"""
f63c111b-69b7-4f0c-ba0c-14e27ca714bb,ENTITY_VALUE,"workspace.entities[entity=""medicin""].values[type=""synonyms"", value=""Nortriptyline (Pamelor) - Depression/nerve pain""].value","""Nortriptyline (Pamelor) - Depression/nerve pain"""
d3bf2e4e-88c5-4719-b284-cf51baa486ad,ENTITY_VALUE,"workspace.entities[entity=""medicin""].values[type=""synonyms"", value=""Olanzapine""].value","""Olanzapine"""
65d756f5-e746-49f7-81c2-dcd505310a46,ENTITY_VALUE,"workspace.entities[entity=""medicin""].values[type=""synonyms"", value=""Olanzapine (Zyprexa) - Schizophrenia/bipolar disorder""].value","""Olanzapine (Zyprexa) - Schizophrenia/bipolar disorder"""
ec2f7ed8-c40a-45c4-83da-c42c7113cfb6,ENTITY_VALUE,"workspace.entities[entity=""medicin""].values[type=""synonyms"", value=""Olumiant""].value","""Olumiant"""
665a81d8-28ec-4d5c-88da-f47debcb2764,ENTITY_VALUE,"workspace.entities[entity=""medicin""].values[type=""synonyms"", value=""Omeprazole""].value","""Omeprazole"""
0782646e-c79b-4f44-a4a7-1db3e5dcc3b5,ENTITY_VALUE,"workspace.entities[entity=""medicin""].values[type=""synonyms"", value=""Omeprazole (Prilosec)""].value","""Omeprazole (Prilosec)"""
1a7aaed6-940a-40dc-820b-61dfa41e563b,ENTITY_VALUE,"workspace.entities[entity=""medicin""].values[type=""synonyms"", value=""Ondansetron""].value","""Ondansetron"""
ca259404-5af5-4893-995d-6893270da26a,ENTITY_VALUE,"workspace.entities[entity=""medicin""].values[type=""synonyms"", value=""Ondansetron (Zofran) - Nausea/vomiting""].value","""Ondansetron (Zofran) - Nausea/vomiting"""
02498b00-1925-4619-86a7-dfd9d19ce44d,ENTITY_VALUE,"workspace.entities[entity=""medicin""].values[type=""synonyms"", value=""Oxycodone""].value","""Oxycodone"""
2b10c9ac-a013-47fb-b900-ba8b6473f4ab,ENTITY_VALUE,"workspace.entities[entity=""medicin""].values[type=""synonyms"", value=""Oxycodone (OxyContin) - Pain""].value","""Oxycodone (OxyContin) - Pain"""
f6cfe2d4-743a-4d05-b3bf-90cc8039fa9f,ENTITY_VALUE,"workspace.entities[entity=""medicin""].values[type=""synonyms"", value=""Panadol""].value","""Panadol"""
91786219-3523-4efa-a7eb-e58388d74f40,ENTITY_VALUE,"workspace.entities[entity=""medicin""].values[type=""synonyms"", value=""Paramol""].value","""Paramol"""
a1b7729e-0c17-4d74-aad9-c1fc80cfd62d,ENTITY_VALUE,"workspace.entities[entity=""medicin""].values[type=""synonyms"", value=""Phenylephrine""].value","""Phenylephrine"""
69b73014-a794-43c7-be1a-c52485e0a578,ENTITY_VALUE,"workspace.entities[entity=""medicin""].values[type=""synonyms"", value=""Phenylephrine (Neo-Synephrine)""].value","""Phenylephrine (Neo-Synephrine)"""
ec93942d-4d93-4575-9c15-64dc17bb9f50,ENTITY_VALUE,"workspace.entities[entity=""medicin""].values[type=""synonyms"", value=""Polyethylene glycol (Miralax) - Laxative""].value","""Polyethylene glycol (Miralax) - Laxative"""
6d030d74-3d14-4249-8ad6-9100cdcc1ea5,ENTITY_VALUE,"workspace.entities[entity=""medicin""].values[type=""synonyms"", value=""Prednisolone (Orapred) - Inflammation""].value","""Prednisolone (Orapred) - Inflammation"""
189cf52e-5d96-4d10-8a10-6b2a6d3c2df3,ENTITY_VALUE,"workspace.entities[entity=""medicin""].values[type=""synonyms"", value=""Prednisone""].value","""Prednisone"""
6b5d7410-673f-47bb-9bb3-194b0bd95e17,ENTITY_VALUE,"workspace.entities[entity=""medicin""].values[type=""synonyms"", value=""Prednisone (Deltasone) - Inflammation""].value","""Prednisone (Deltasone) - Inflammation"""
13d63d01-7480-4124-8054-128bd36fcda4,ENTITY_VALUE,"workspace.entities[entity=""medicin""].values[type=""synonyms"", value=""Pregabalin""].value","""Pregabalin"""
91887bc6-bc49-4423-9a71-e746c45b8437,ENTITY_VALUE,"workspace.entities[entity=""medicin""].values[type=""synonyms"", value=""Pregabalin (Lyrica) - Nerve pain""].value","""Pregabalin (Lyrica) - Nerve pain"""
576afd9e-ac26-455a-845f-7a18198cdb42,ENTITY_VALUE,"workspace.entities[entity=""medicin""].values[type=""synonyms"", value=""Probenecid""].value","""Probenecid"""
e95227b7-c417-47d8-88e2-ea9c808e5e17,ENTITY_VALUE,"workspace.entities[entity=""medicin""].values[type=""synonyms"", value=""Probenecid - Gout""].value","""Probenecid - Gout"""
6623f2fc-732b-46a1-b1fc-a4e272b18daa,ENTITY_VALUE,"workspace.entities[entity=""medicin""].values[type=""synonyms"", value=""Pseudoephedrine""].value","""Pseudoephedrine"""
c218fea9-46dd-4b96-80ce-ca6e7b8ffb18,ENTITY_VALUE,"workspace.entities[entity=""medicin""].values[type=""synonyms"", value=""Pseudoephedrine (Sudafed)""].value","""Pseudoephedrine (Sudafed)"""
9d22f5a6-53e5-49ac-9c6f-ad68e5452a1e,ENTITY_VALUE,"workspace.entities[entity=""medicin""].values[type=""synonyms"", value=""Psyllium""].value","""Psyllium"""
f24623e4-c572-418b-a397-43d08d1c35ea,ENTITY_VALUE,"workspace.entities[entity=""medicin""].values[type=""synonyms"", value=""Psyllium (Metamucil)""].value","""Psyllium (Metamucil)"""
975f1482-c4d0-4cbb-9e93-25b4e584b34c,ENTITY_VALUE,"workspace.entities[entity=""medicin""].values[type=""synonyms"", value=""Quetiapine""].value","""Quetiapine"""
2ea0323a-0f7f-4c0e-94a4-230d2036d96e,ENTITY_VALUE,"workspace.entities[entity=""medicin""].values[type=""synonyms"", value=""Quetiapine (Seroquel) - Bipolar disorder/schizophrenia""].value","""Quetiapine (Seroquel) - Bipolar disorder/schizophrenia"""
7e86b7ec-f1e6-481f-910d-b65c67b11058,ENTITY_VALUE,"workspace.entities[entity=""medicin""].values[type=""synonyms"", value=""Raloxifene""].value","""Raloxifene"""
11934352-d276-4229-8896-e8c024ecae40,ENTITY_VALUE,"workspace.entities[entity=""medicin""].values[type=""synonyms"", value=""Raloxifene (Evista) - Osteoporosis""].value","""Raloxifene (Evista) - Osteoporosis"""
7589bc24-4b51-449c-bf6b-38f9f56e1535,ENTITY_VALUE,"workspace.entities[entity=""medicin""].values[type=""synonyms"", value=""Ramelteon""].value","""Ramelteon"""
aa9c984c-8e74-41d8-af95-751db508e7c2,ENTITY_VALUE,"workspace.entities[entity=""medicin""].values[type=""synonyms"", value=""Ramelteon (Rozerem) - Insomnia""].value","""Ramelteon (Rozerem) - Insomnia"""
840cb4fa-4abd-495d-862e-c1aeeeea68e7,ENTITY_VALUE,"workspace.entities[entity=""medicin""].values[type=""synonyms"", value=""Ranitidine""].value","""Ranitidine"""
23ec1065-d176-4e13-842d-3cb834b9240e,ENTITY_VALUE,"workspace.entities[entity=""medicin""].values[type=""synonyms"", value=""Ranitidine (Zantac)""].value","""Ranitidine (Zantac)"""
10cdb387-f55b-44de-b15d-40c5355f77ee,ENTITY_VALUE,"workspace.entities[entity=""medicin""].values[type=""synonyms"", value=""Ranolazine (Ranexa) - Angina""].value","""Ranolazine (Ranexa) - Angina"""
4f0c36ec-6476-4c61-a099-c6084ad47e95,ENTITY_VALUE,"workspace.entities[entity=""medicin""].values[type=""synonyms"", value=""Risedronate""].value","""Risedronate"""
15c6b4e3-be36-48eb-94d5-310c481969b2,ENTITY_VALUE,"workspace.entities[entity=""medicin""].values[type=""synonyms"", value=""Risedronate (Actonel) - Osteoporosis""].value","""Risedronate (Actonel) - Osteoporosis"""
d6583955-5a39-4ebc-bf17-eec3266e72d7,ENTITY_VALUE,"workspace.entities[entity=""medicin""].values[type=""synonyms"", value=""Risperidone""].value","""Risperidone"""
6f982712-c970-4be6-9aea-0fa9f7dcdb58,ENTITY_VALUE,"workspace.entities[entity=""medicin""].values[type=""synonyms"", value=""Risperidone (Risperdal) - Schizophrenia/bipolar disorder""].value","""Risperidone (Risperdal) - Schizophrenia/bipolar disorder"""
6eef0354-5c76-465d-9681-7eed81cb96ef,ENTITY_VALUE,"workspace.entities[entity=""medicin""].values[type=""synonyms"", value=""Rivaroxaban (Xarelto) - Blood thinner""].value","""Rivaroxaban (Xarelto) - Blood thinner"""
9f4b78a1-1ab3-47ec-a087-8b05d18d6ce5,ENTITY_VALUE,"workspace.entities[entity=""medicin""].values[type=""synonyms"", value=""Salmeterol (Serevent)""].value","""Salmeterol (Serevent)"""
098650f8-1f82-4313-81d5-81d35db1231e,ENTITY_VALUE,"workspace.entities[entity=""medicin""].values[type=""synonyms"", value=""Sertraline""].value","""Sertraline"""
adecde35-2b83-46df-bb09-85f9408923e4,ENTITY_VALUE,"workspace.entities[entity=""medicin""].values[type=""synonyms"", value=""Sertraline (Zoloft)""].value","""Sertraline (Zoloft)"""
47341df7-b416-4cbf-997b-45acf7bc499e,ENTITY_VALUE,"workspace.entities[entity=""medicin""].values[type=""synonyms"", value=""Sildenafil""].value","""Sildenafil"""
b858c78b-8621-415c-a46c-ae4f9241a779,ENTITY_VALUE,"workspace.entities[entity=""medicin""].values[type=""synonyms"", value=""Sildenafil (Viagra) - Erectile dysfunction""].value","""Sildenafil (Viagra) - Erectile dysfunction"""
070eccf6-dfa9-49d2-b184-d5019d3f7454,ENTITY_VALUE,"workspace.entities[entity=""medicin""].values[type=""synonyms"", value=""Simethicone (Gas-X) - Gas relief""].value","""Simethicone (Gas-X) - Gas relief"""
96a026cb-6d71-43d7-a77c-f2af4b517133,ENTITY_VALUE,"workspace.entities[entity=""medicin""].values[type=""synonyms"", value=""Simvastatin""].value","""Simvastatin"""
4dcd7f19-4cbd-4677-99d6-a8a157843b0e,ENTITY_VALUE,"workspace.entities[entity=""medicin""].values[type=""synonyms"", value=""Simvastatin (Zocor)""].value","""Simvastatin (Zocor)"""
55c1ede5-da55-4c05-b6ce-3eede761e66a,ENTITY_VALUE,"workspace.entities[entity=""medicin""].values[type=""synonyms"", value=""Spironolactone (Aldactone) - Diuretic""].value","""Spironolactone (Aldactone) - Diuretic"""
05eeaef8-62d3-4abd-b246-e792e8a3bde9,ENTITY_VALUE,"workspace.entities[entity=""medicin""].values[type=""synonyms"", value=""Sulfasalazine""].value","""Sulfasalazine"""
7cd3fdb9-a452-46b4-a037-f3773187e257,ENTITY_VALUE,"workspace.entities[entity=""medicin""].values[type=""synonyms"", value=""Sulfasalazine (Azulfidine)""].value","""Sulfasalazine (Azulfidine)"""
47f87ecb-e6c4-4e19-8cab-637daf8b72ad,ENTITY_VALUE,"workspace.entities[entity=""medicin""].values[type=""synonyms"", value=""Sulfasalazine (Azulfidine) - Rheumatoid arthritis/IBD""].value","""Sulfasalazine (Azulfidine) - Rheumatoid arthritis/IBD"""
e2047c15-0d0c-4d9b-a7fb-6a202c9b5232,ENTITY_VALUE,"workspace.entities[entity=""medicin""].values[type=""synonyms"", value=""Sumatriptan""].value","""Sumatriptan"""
81cc5240-0c03-435e-b6ab-f1107c05cc21,ENTITY_VALUE,"workspace.entities[entity=""medicin""].values[type=""synonyms"", value=""Sumatriptan (Imitrex) - Migraines""].value","""Sumatriptan (Imitrex) - Migraines"""
b77397ca-74b0-4adf-a3c1-b9d062be4775,ENTITY_VALUE,"workspace.entities[entity=""medicin""].values[type=""synonyms"", value=""Tacrolimus (Prograf) - Immunosuppressant""].value","""Tacrolimus (Prograf) - Immunosuppressant"""
eb1c5695-4bed-4d64-ac56-fc620e3cfaf2,ENTITY_VALUE,"workspace.entities[entity=""medicin""].values[type=""synonyms"", value=""Tadalafil""].value","""Tadalafil"""
628e467e-f2c1-430c-9bfd-f0191ba967a4,ENTITY_VALUE,"workspace.entities[entity=""medicin""].values[type=""synonyms"", value=""Tadalafil (Cialis) - Erectile dysfunction""].value","""Tadalafil (Cialis) - Erectile dysfunction"""
23dde7da-6173-4ba9-ae57-8be9107e9323,ENTITY_VALUE,"workspace.entities[entity=""medicin""].values[type=""synonyms"", value=""Tamsulosin""].value","""Tamsulosin"""
edce4d0a-4cf1-4e56-acf2-0b8d5fecbfa5,ENTITY_VALUE,"workspace.entities[entity=""medicin""].values[type=""synonyms"", value=""Tamsulosin (Flomax) - Enlarged prostate""].value","""Tamsulosin (Flomax) - Enlarged prostate"""
a38108aa-405f-4f5b-8b67-e33f1f113837,ENTITY_VALUE,"workspace.entities[entity=""medicin""].values[type=""synonyms"", value=""Terbinafine""].value","""Terbinafine"""
54bd2ce8-7e12-4759-a495-ed637711892a,ENTITY_VALUE,"workspace.entities[entity=""medicin""].values[type=""synonyms"", value=""Terbinafine (Lamisil)""].value","""Terbinafine (Lamisil)"""
a8483c0b-688e-4e37-bea7-e1d7ffafafc9,ENTITY_VALUE,"workspace.entities[entity=""medicin""].values[type=""synonyms"", value=""Testosterone (AndroGel)""].value","""Testosterone (AndroGel)"""
5389e270-9346-414f-a082-0be4c1cf7c80,ENTITY_VALUE,"workspace.entities[entity=""medicin""].values[type=""synonyms"", value=""Theophylline (Theo-24) - Asthma/COPD""].value","""Theophylline (Theo-24) - Asthma/COPD"""
b12b554f-d348-471b-9b58-2130e30a885e,ENTITY_VALUE,"workspace.entities[entity=""medicin""].values[type=""synonyms"", value=""Tiotropium (Spiriva) - COPD""].value","""Tiotropium (Spiriva) - COPD"""
f5602ff8-34ca-4f03-b774-b01b35517ea8,ENTITY_VALUE,"workspace.entities[entity=""medicin""].values[type=""synonyms"", value=""Tramadol""].value","""Tramadol"""
9884e60e-3d9b-462d-9bea-1a8e8bd47d46,ENTITY_VALUE,"workspace.entities[entity=""medicin""].values[type=""synonyms"", value=""Tramadol (Ultram)""].value","""Tramadol (Ultram)"""
b4db4df9-046a-4200-9ab8-0b6a8b62e9b6,ENTITY_VALUE,"workspace.entities[entity=""medicin""].values[type=""synonyms"", value=""Trazodone""].value","""Trazodone"""
7dcc9695-5d27-4ff6-9e20-ed72fb899986,ENTITY_VALUE,"workspace.entities[entity=""medicin""].values[type=""synonyms"", value=""Trazodone (Desyrel) - Depression/insomnia""].value","""Trazodone (Desyrel) - Depression/insomnia"""
6e4054b0-0b6d-4686-a0a6-859ed03b5853,ENTITY_VALUE,"workspace.entities[entity=""medicin""].values[type=""synonyms"", value=""Triamcinolone (Kenalog) - Inflammation""].value","""Triamcinolone (Kenalog) - Inflammation"""
44052278-df17-4dd9-8bb8-230f12492a93,ENTITY_VALUE,"workspace.entities[entity=""medicin""].values[type=""synonyms"", value=""Valacyclovir""].value","""Valacyclovir"""
a6b5e9ec-e1c0-47f4-aa85-4271aa9739bb,ENTITY_VALUE,"workspace.entities[entity=""medicin""].values[type=""synonyms"", value=""Valacyclovir (Valtrex)""].value","""Valacyclovir (Valtrex)"""
044becbd-b017-4b25-a706-b12b3063fcc5,ENTITY_VALUE,"workspace.entities[entity=""medicin""].values[type=""synonyms"", value=""Valsartan (Diovan) - Blood pressure/heart failure""].value","""Valsartan (Diovan) - Blood pressure/heart failure"""
3060bf3f-9c33-470a-99a6-2bfc1f6726c4,ENTITY_VALUE,"workspace.entities[entity=""medicin""].values[type=""synonyms"", value=""Venlafaxine""].value","""Venlafaxine"""
0c7819cb-bde8-4509-8b21-2996ca8289ce,ENTITY_VALUE,"workspace.entities[entity=""medicin""].values[type=""synonyms"", value=""Venlafaxine (Effexor) - Depression/anxiety""].value","""Venlafaxine (Effexor) - Depression/anxiety"""
4a7a07f6-a149-4ed9-bd48-a7dfee9947be,ENTITY_VALUE,"workspace.entities[entity=""medicin""].values[type=""synonyms"", value=""Verapamil (Calan) - Blood pressure/migraines""].value","""Verapamil (Calan) - Blood pressure/migraines"""
a50d3127-7f4c-4818-a1c9-7233ae737726,ENTITY_VALUE,"workspace.entities[entity=""medicin""].values[type=""synonyms"", value=""Vitamin B12""].value","""Vitamin B12"""
9e8fe1e7-32e3-4d11-8895-fee2dbae2c80,ENTITY_VALUE,"workspace.entities[entity=""medicin""].values[type=""synonyms"", value=""Vitamin D""].value","""Vitamin D"""
8ab1efc4-9377-4d69-ace6-9299ad8d2d2b,ENTITY_VALUE,"workspace.entities[entity=""medicin""].values[type=""synonyms"", value=""Warfarin (Coumadin) - Blood thinner""].value","""Warfarin (Coumadin) - Blood thinner"""
4ba24600-664a-4763-af23-a37daa6b8409,ENTITY_VALUE,"workspace.entities[entity=""medicin""].values[type=""synonyms"", value=""Zafirlukast (Accolate) - Asthma""].value","""Zafirlukast (Accolate) - Asthma"""
a2ca9bac-e986-4b9d-bd58-3206db7ea766,ENTITY_VALUE,"workspace.entities[entity=""medicin""].values[type=""synonyms"", value=""Zaleplon""].value","""Zaleplon"""
61954b96-8b0d-4950-aa20-1a34e698e76d,ENTITY_VALUE,"workspace.entities[entity=""medicin""].values[type=""synonyms"", value=""Zaleplon (Sonata) - Insomnia""].value","""Zaleplon (Sonata) - Insomnia"""
4ddc6680-061c-469d-b7ec-b64a9b0c096f,ENTITY_VALUE,"workspace.entities[entity=""medicin""].values[type=""synonyms"", value=""Zolpidem""].value","""Zolpidem"""
b7cb7744-50ba-4731-a3a7-386eb778debc,ENTITY_VALUE,"workspace.entities[entity=""medicin""].values[type=""synonyms"", value=""Zolpidem (Ambien) - Insomnia""].value","""Zolpidem (Ambien) - Insomnia"""
15fb06e0-f60c-43eb-9683-45e49c540875,ENTITY_VALUE,"workspace.entities[entity=""replayLanguage""].values[type=""synonyms"", value=""French language""].value","""French language"""
831757c5-e666-474b-8a16-7ad49adec5bd,ENTITY_VALUE,"workspace.entities[entity=""Sex""].values[type=""synonyms"", value=""Female""].value","""Female"""
ac4f1b28-19f9-4f03-a4ae-b9d9fc08e5ef,ENTITY_VALUE_SYNONYM,"workspace.entities[entity=""Sex""].values[type=""synonyms"", value=""Female""].synonyms[0]","""female"""
8cd625ca-d1be-424b-b8fe-7aad917493c4,ENTITY_VALUE_SYNONYM,"workspace.entities[entity=""Sex""].values[type=""synonyms"", value=""Female""].synonyms[1]","""girl"""
73176cef-e10d-4949-a6fb-8f7a5d4ffc63,ENTITY_VALUE_SYNONYM,"workspace.entities[entity=""Sex""].values[type=""synonyms"", value=""Female""].synonyms[2]","""women"""
dd6c6a04-ca16-4b67-b0c6-df9d2ca783a5,ENTITY_VALUE,"workspace.entities[entity=""Sex""].values[type=""synonyms"", value=""Male""].value","""Male"""
89c0f92f-0f15-460a-93de-a4678c103944,ENTITY_VALUE_SYNONYM,"workspace.entities[entity=""Sex""].values[type=""synonyms"", value=""Male""].synonyms[0]","""boy"""
6b811986-03d4-4d5b-8125-cbb379d0f436,ENTITY_VALUE_SYNONYM,"workspace.entities[entity=""Sex""].values[type=""synonyms"", value=""Male""].synonyms[1]","""kid"""
d9f73970-06a0-4579-a814-63bbefac8690,ENTITY_VALUE_SYNONYM,"workspace.entities[entity=""Sex""].values[type=""synonyms"", value=""Male""].synonyms[2]","""male"""
f9849998-2bce-4b88-ae93-6cee34b7b435,ENTITY_VALUE,"workspace.entities[entity=""sexness""].values[type=""synonyms"", value=""allergies""].value","""allergies"""
2dacf0dd-1f75-4f02-a3d0-4bdf08579288,ENTITY_VALUE,"workspace.entities[entity=""sexness""].values[type=""synonyms"", value=""Asthma""].value","""Asthma"""
c8b7aa72-468f-49c7-9718-fe87747923e5,ENTITY_VALUE,"workspace.entities[entity=""sexness""].values[type=""synonyms"", value=""Diabetes""].value","""Diabetes"""
32648e04-d9c6-48b8-8c0f-370a4bb0875a,ENTITY_VALUE,"workspace.entities[entity=""sexness""].values[type=""synonyms"", value=""Endometriosis""].value","""Endometriosis"""
30a6e4f3-36a1-488f-83b9-4461d093ca0b,ENTITY_VALUE,"workspace.entities[entity=""sexness""].values[type=""synonyms"", value=""Erectile Dysfunction""].value","""Erectile Dysfunction"""
aa0a0c8b-bc03-4967-a241-155089194955,ENTITY_VALUE,"workspace.entities[entity=""sexness""].values[type=""synonyms"", value=""Heart Disease""].value","""Heart Disease"""
0279249c-48f7-42b6-bf06-ffb3130607ec,ENTITY_VALUE,"workspace.entities[entity=""sexness""].values[type=""synonyms"", value=""hypertension""].value","""hypertension"""
5fb3d08b-a5e9-4a85-a005-361cd102c54a,ENTITY_VALUE,"workspace.entities[entity=""sexness""].values[type=""synonyms"", value=""Issues""].value","""Issues"""
9b228d93-090c-4e88-beb6-4c3e1683376a,ENTITY_VALUE,"workspace.entities[entity=""sexness""].values[type=""synonyms"", value=""Low Testosterone""].value","""Low Testosterone"""
ae9d4e66-98e3-4bc9-8f96-75e719b6c74e,ENTITY_VALUE,"workspace.entities[entity=""sexness""].values[type=""synonyms"", value=""Menopause""].value","""Menopause"""
3e850d9d-63b8-4b64-9135-97b94e2dee02,ENTITY_VALUE,"workspace.entities[entity=""sexness""].values[type=""synonyms"", value=""PCOS (Polycystic Ovary Syndrome)""].value","""PCOS (Polycystic Ovary Syndrome)"""
5777c386-9095-4fee-8ddf-f466c5f9ac6e,ENTITY_VALUE,"workspace.entities[entity=""sexness""].values[type=""synonyms"", value=""Prostate Issues""].value","""Prostate Issues"""